PP_002QPQD.1	2018-02-02
PP_002Q2ZG.1	2017-02-07
PP_0025K9K.1	2012-11-19
PP_002XXEC.1	2024-11-11
PP_002SVHH.1	2022-12-01
PP_004JNY8.1	2014-02-14
PP_002XYXA.1	2024-12-28
PP_002RU3F.1	2022-06-21
PP_002VA2T.1	2023-11-08
PP_0026G3Y.1	2019-07-22
PP_0025K4V.1	2013-11-12
PP_002R4WJ.1	2018-11-10
PP_0026CYB.2	2019-09-01
PP_0047GD8.2	2021-04-04
PP_002KT3U.1	2017-01-24
PP_004769S.2	2021-02-13
PP_004D8T9.1	2025-09-22
PP_0028ADE.2	2018-03-22
PP_00228BY.2	2010-12-12
PP_002PPD4.1	2021-03-24
PP_002SCW8.1	2018-11-19
PP_002PBL1.1	2019-03-26
PP_00248ZH.2	2012-08-15
PP_0026E7S.1	2024-05-07
PP_003217C.1	2018-04-08
PP_003WET3.1	2023-10-26
PP_004JNDD.1	2010-02-12
PP_002T5TK.1	2010-01-01
PP_002UGW0.2	2020-12-14
PP_003218A.1	2019-03-13
PP_0022XNL.2	2010-11-01
PP_003STN8.1	2016-01-18
PP_002P9AQ.1	2021-09-17
PP_002PJ7M.1	2019-11-19
PP_002PFKZ.1	2019-09-05
PP_002TQ85.1	2018-06-22
PP_0047KU8.2	2017-10-20
PP_002XXY9.1	2025-01-02
PP_002XCGT.1	2025-03-22
PP_002P99S.1	2020-01-15
PP_002RYP4.1	2020-01-09
PP_002T0QW.1	2021-01-01
PP_004JPZ5.1	2025-01-20
PP_002PACK.1	2019-11-06
PP_002PPHV.1	2021-08-05
PP_002W0AK.1	2021-10-08
PP_002V9Y1.1	2023-11-07
PP_002T96Q.1	2023-03-07
PP_002SW9Z.1	2021-01-01
PP_0025KDB.1	2012-01-06
PP_002RVYP.1	2017-11-21
PP_003171L.2	2025-01-30
PP_002PMV7.1	2021-08-02
PP_002U1SP.1	2020-01-29
PP_002PSV2.1	2015-12-26
PP_00264EN.2	2016-12-05
PP_002VPSZ.1	2022-09-15
PP_002XU41.1	2025-04-25
PP_002PHKX.1	2020-01-29
PP_002XBLK.1	2025-03-24
PP_002UXK7.1	2024-02-06
PP_003SUAY.1	2015-02-12
PP_002649Y.2	2015-11-16
PP_002U9G2.2	2023-05-25
PP_002RDLV.1	2015-04-24
PP_002RZVR.1	2021-05-25
PP_003T0DJ.1	2017-02-14
PP_002VRHF.1	2020-01-11
PP_002LD7Y.2	2017-04-28
PP_002VRSX.1	2021-09-23
PP_002SZHD.1	2021-01-01
PP_003SWVR.1	2016-01-15
PP_003211Q.1	2023-01-30
PP_00476UM.2	2022-03-21
PP_002KQE9.1	2017-03-01
PP_004HHL5.1	2015-02-25
PP_004JNH4.1	2011-01-05
PP_002TX38.1	2018-12-16
PP_002QRPD.1	2018-12-27
PP_002U25X.1	2019-07-03
PP_002QJPL.1	2018-03-02
PP_002UL1M.1	2022-03-10
PP_002V9QH.1	2022-11-02
PP_0031EYJ.2	2024-08-06
PP_002QVXT.1	2018-11-12
PP_003T1TN.2	2025-03-12
PP_002MD42.1	2016-01-11
PP_00284HB.2	2012-05-10
PP_004EPK8.1	2025-08-05
PP_002T0VL.1	2021-01-01
PP_002VA3R.1	2023-11-09
PP_002NCRS.2	2020-06-08
PP_002T74W.1	2019-03-25
PP_002KPWB.2	2012-01-01
PP_003T141.2	2025-03-07
PP_002QGSG.1	2018-02-02
PP_003SRVW.1	2016-01-07
PP_00264Q1.3	2013-01-01
PP_002KR7N.1	2016-01-25
PP_0027SMH.2	2010-04-02
PP_0047KW4.2	2018-12-02
PP_0047M1T.2	2025-01-01
PP_0026QSB.2	2013-12-15
PP_00263P4.2	2012-11-16
PP_002PKAE.1	2019-11-13
PP_002WSL6.1	2025-01-18
PP_002RW3D.1	2019-12-04
PP_0047L4N.2	2017-10-30
PP_002VW9T.1	2024-05-25
PP_00288PV.2	2012-12-12
PP_002KQ3X.2	2012-01-01
PP_002NQKS.2	2018-01-01
PP_002WKKF.1	2025-01-14
PP_002QLLQ.1	2018-02-05
PP_00319DU.2	2025-02-25
PP_002TCY2.2	2022-01-01
PP_002W6W6.1	2024-11-20
PP_002KQNS.2	2014-01-01
PP_003SQ86.1	2017-02-03
PP_0024XMJ.2	2010-08-05
PP_00316B1.2	2024-02-13
PP_00527GL.1	2024-02-08
PP_005272E.1	2024-02-20
PP_0024Y98.2	2011-09-04
PP_002W4Y4.1	2023-12-28
PP_002PQRC.1	2016-02-07
PP_0024XPE.2	2013-07-27
PP_0024X8B.2	2013-03-03
PP_003T1SQ.2	2025-03-12
PP_002ND6W.2	2020-02-11
PP_002NL5R.1	2016-06-06
PP_002VJS4.1	2023-11-08
PP_003SXFK.1	2017-01-09
PP_002WZNV.1	2025-02-15
PP_0031MDG.2	2023-01-07
PP_002X8W2.1	2016-11-01
PP_00286AQ.2	2014-08-07
PP_002VRTV.1	2021-09-24
PP_0047LKR.2	2017-12-18
PP_00316ME.2	2024-12-10
PP_002TUUU.1	2019-10-10
PP_002XXPT.1	2024-12-09
PP_002VZMZ.1	2020-01-16
PP_002PJ4T.1	2019-11-18
PP_00317P9.2	2025-04-08
PP_002PCVG.1	2019-02-18
PP_00264UT.3	2014-01-01
PP_002TUGK.1	2018-01-09
PP_002VQ9Z.1	2022-12-13
PP_002X93N.1	2015-12-26
PP_002T94U.1	2023-02-20
PP_0025M9H.2	2010-01-01
PP_00263GK.2	2014-07-28
PP_002KY8D.1	2017-04-24
PP_003SRZN.1	2016-01-17
PP_0047816.2	2021-03-21
PP_002TQXS.1	2019-01-25
PP_002T1WH.1	2021-01-01
PP_002TMGS.1	2018-10-16
PP_0028527.2	2016-10-03
PP_002RF6N.1	2017-06-05
PP_002TSZL.1	2018-07-30
PP_002VSHE.1	2022-01-01
PP_0047BSL.2	2022-10-20
PP_002M748.1	2017-12-22
PP_002PYUY.1	2017-01-02
PP_002L00R.1	2016-02-29
PP_00230T5.2	2011-06-02
PP_00314HQ.2	2023-01-05
PP_0031CCT.2	2015-12-16
PP_002RFF4.1	2017-09-06
PP_002LYQC.2	2020-01-30
PP_002MV2Q.1	2018-05-23
PP_00265GH.3	2014-04-13
PP_002VZL1.1	2020-01-16
PP_00319HK.2	2014-10-26
PP_003ST1H.1	2015-05-22
PP_003T133.2	2025-02-06
PP_0047551.2	2024-12-30
PP_0026EBJ.1	2022-10-03
PP_002P9VK.1	2019-06-16
PP_00264CS.2	2016-12-19
PP_002N0ZN.1	2018-01-29
PP_0031BVT.2	2024-12-10
PP_002PC15.1	2018-12-15
PP_002PK6N.1	2020-02-21
PP_002QS4H.1	2019-03-08
PP_0026D23.2	2022-10-19
PP_002V8NN.1	2023-11-14
PP_002QY3D.1	2019-01-03
PP_00315PB.2	2022-12-27
PP_002NQ1V.2	2017-01-01
PP_0047931.2	2022-07-05
PP_002PYZN.1	2016-12-02
PP_00286NZ.2	2014-09-08
PP_003SVCT.1	2017-02-16
PP_0031K6Y.2	2018-11-23
PP_0022876.2	2012-01-29
PP_0047K9D.2	2023-10-02
PP_003SWP3.1	2015-12-30
PP_002TJC3.2	2021-12-01
PP_003SNND.1	2016-06-20
PP_00471HE.2	2022-09-04
PP_002VVXH.1	2024-07-29
PP_00270N7.1	2015-01-01
PP_0025JWB.1	2014-01-07
PP_002VQ65.1	2022-12-10
PP_002U3K1.1	2018-12-06
PP_0047L7G.2	2017-11-13
PP_0046UQ9.2	2022-06-14
PP_002PHPP.1	2020-02-02
PP_002TKNF.1	2019-12-10
PP_003T1PW.2	2025-04-02
PP_002KKMZ.2	2011-01-01
PP_003SP5D.1	2016-12-23
PP_0047E3W.2	2023-05-21
PP_002NLVA.1	2017-05-11
PP_002VA1V.1	2023-11-28
PP_0031DAW.2	2024-11-24
PP_002N6JC.2	2010-01-01
PP_003SX1D.1	2016-02-03
PP_002PN6K.1	2021-02-07
PP_002RWFP.1	2019-11-08
PP_002RDSH.1	2015-06-12
PP_00265DP.3	2017-01-01
PP_0025M01.2	2014-03-05
PP_002NHRM.1	2014-06-11
PP_0025KF7.1	2011-12-22
PP_003WH93.1	2024-01-14
PP_002QM5L.1	2018-02-05
PP_002UPP7.1	2024-02-05
PP_003ST75.1	2015-09-14
PP_002PMPK.1	2021-05-17
PP_0025JZ5.1	2013-12-18
PP_002355B.2	2012-11-26
PP_002PG9K.1	2018-12-29
PP_002X7KR.1	2025-03-04
PP_002PB8S.1	2019-01-13
PP_0047P5H.2	2023-08-26
PP_0047M7F.2	2023-10-04
PP_002WMDS.1	2025-01-17
PP_004L0U0.1	2026-01-16
PP_0026FH4.1	2021-02-05
PP_002V99E.1	2022-10-20
PP_002U1J5.1	2018-07-27
PP_002RN6F.1	2011-10-20
PP_002MCEH.1	2019-12-30
PP_0046YDU.2	2023-09-18
PP_002W3F6.1	2024-03-18
PP_00286M1.2	2013-09-17
PP_0046UKK.2	2025-02-12
PP_002UR1G.2	2020-01-01
PP_0026D07.2	2022-09-15
PP_00246BW.2	2013-12-03
PP_002N59Y.1	2021-04-01
PP_004ERBP.1	2025-07-29
PP_002M4R2.1	2018-11-21
PP_002PPJT.1	2021-06-24
PP_002TTAY.1	2020-02-04
PP_0047HG1.2	2015-06-11
PP_00263VS.2	2010-01-20
PP_002Q0XN.1	2017-02-08
PP_002VZRR.1	2021-12-28
PP_0047N7E.2	2024-02-05
PP_002WFPB.1	2024-01-02
PP_002KXC6.1	2016-01-08
PP_002Q9AN.1	2017-12-05
PP_002TCUA.1	2022-08-15
PP_002X0WA.1	2017-02-21
PP_002PDNV.1	2019-01-30
PP_0028BMW.2	2014-05-01
PP_003T0FE.1	2017-02-17
PP_002NKLV.1	2016-04-13
PP_002VJHN.1	2023-12-13
PP_0026AL3.2	2023-08-12
PP_00284XH.2	2016-11-04
PP_002QDG6.1	2018-01-08
PP_002PMNM.1	2021-03-16
PP_002ME6X.1	2012-03-26
PP_002VGA5.1	2022-11-18
PP_0025MD9.2	2010-03-02
PP_004KB38.1	2023-10-29
PP_0024963.2	2012-10-16
PP_002TMPB.1	2018-04-16
PP_004750B.2	2024-12-14
PP_0023F0B.2	2014-01-14
PP_002WKCW.1	2025-01-11
PP_002VWSS.1	2024-05-23
PP_002KV0Y.1	2016-05-10
PP_0047MC5.2	2024-12-17
PP_002X2PN.1	2018-12-01
PP_0023E1A.1	2011-02-01
PP_002UM78.1	2020-03-08
PP_002UGV2.2	2021-03-02
PP_002T6XA.1	2018-04-20
PP_002XYSL.1	2024-12-10
PP_002VX42.1	2024-06-21
PP_00284GE.2	2012-07-02
PP_002THGW.2	2018-04-01
PP_002S532.2	2014-10-23
PP_00284AS.2	2010-07-05
PP_00285BP.2	2016-10-06
PP_002PBCJ.1	2019-01-29
PP_0026HRL.2	2017-12-20
PP_002TRZM.1	2020-01-28
PP_002M5KD.1	2018-12-18
PP_0047H4R.2	2022-07-22
PP_0026MMQ.2	2013-02-16
PP_00311S9.2	2023-01-12
PP_002R9RP.1	2019-11-04
PP_002PDG8.1	2019-01-16
PP_002KQ5T.2	2012-01-01
PP_002XDT3.1	2025-02-27
PP_0031L9R.2	2022-11-26
PP_003SNMF.1	2016-06-11
PP_0026ETK.1	2022-01-25
PP_00472JB.2	2022-09-28
PP_0031398.2	2024-12-31
PP_0024YGU.2	2012-07-18
PP_002QLX2.1	2018-02-15
PP_002MWEZ.1	2018-02-03
PP_003SQEU.1	2017-02-20
PP_002M9WM.1	2019-11-15
PP_0028ASM.2	2015-10-29
PP_0047DJ0.2	2023-05-13
PP_0031CQ2.2	2024-10-13
PP_002VZ08.1	2024-05-12
PP_002RZ80.1	2020-02-23
PP_004JPY7.1	2025-01-15
PP_002SUCV.1	2021-11-03
PP_003214J.1	2020-02-17
PP_0031J19.2	2022-02-02
PP_00470WP.2	2024-04-12
PP_00286RT.2	2015-10-21
PP_002LC9V.2	2017-01-27
PP_002U4Z6.1	2018-05-23
PP_003ST4B.1	2015-07-11
PP_0024YA6.2	2012-08-19
PP_003T240.2	2024-11-04
PP_002VZ24.1	2024-07-30
PP_002T7H3.1	2020-03-10
PP_002WMFN.1	2025-01-18
PP_002TUYL.1	2020-03-10
PP_004756Z.2	2024-12-29
PP_004JP12.1	2015-01-26
PP_002TZ28.1	2020-01-20
PP_003SZ1B.1	2016-11-04
PP_002RWGM.1	2019-11-25
PP_002TPR5.1	2020-01-21
PP_002NLZ2.1	2017-07-24
PP_002T4CH.1	2021-09-15
PP_0027NAA.2	2017-01-01
PP_00526KE.1	2023-11-15
PP_002SWP4.1	2021-01-01
PP_002XXLZ.1	2024-12-09
PP_002XAMJ.1	2025-03-01
PP_002RPMH.2	2017-01-01
PP_002RWER.1	2017-08-04
PP_0047DQN.2	2023-05-21
PP_002KSUC.1	2015-12-16
PP_002PP0W.1	2021-03-05
PP_002ND16.2	2020-02-01
PP_002RWP6.1	2019-09-17
PP_002NJQN.1	2015-06-01
PP_002PN8F.1	2021-06-08
PP_003SSCW.1	2016-03-01
PP_0024Y4J.2	2010-08-27
PP_0025LVB.2	2014-01-22
PP_003SU82.1	2015-02-04
PP_0047P4K.2	2022-11-03
PP_00263R0.2	2011-11-10
PP_002S615.2	2013-01-18
PP_002W1EA.1	2021-10-15
PP_003SM97.1	2016-01-21
PP_002P9EG.1	2022-10-25
PP_003SU4A.1	2017-02-15
PP_0031HGE.2	2021-12-06
PP_002VH4G.1	2024-02-26
PP_002XYEB.1	2024-12-12
PP_002WDLK.1	2024-12-19
PP_002X0PQ.1	2016-09-12
PP_003SPVY.1	2017-01-16
PP_002U0XE.1	2019-02-26
PP_002TP3G.1	2020-03-02
PP_002KU6M.1	2017-03-16
PP_0031F2A.2	2024-11-26
PP_002T7KZ.1	2021-09-20
PP_002NKUD.1	2016-05-24
PP_0025M8K.2	2010-01-01
PP_002Q2Q0.1	2017-03-13
PP_002TWYJ.1	2019-07-15
PP_002KYD3.1	2016-01-11
PP_002T92Y.1	2023-02-20
PP_002P9H9.1	2022-11-11
PP_002WZEC.1	2025-02-14
PP_003SW0G.1	2016-02-05
PP_003SXCR.1	2017-01-13
PP_00234S3.1	2010-09-08
PP_002RZM7.1	2021-11-23
PP_002NJDB.1	2015-04-27
PP_004MPBA.1	2026-01-09
PP_002ND32.2	2020-08-10
PP_002TN95.1	2018-09-17
PP_002U9D8.2	2023-05-04
PP_0046U88.2	2023-04-29
PP_002R261.1	2018-11-14
PP_002T0FF.1	2021-01-01
PP_002RVES.1	2017-06-11
PP_003T0AQ.1	2017-02-03
PP_00285UN.2	2016-08-03
PP_002WUEH.1	2025-02-01
PP_002UDMM.1	2024-02-06
PP_0031ABX.2	2013-11-26
PP_0025LSH.2	2013-12-26
PP_0047DNS.2	2022-05-29
PP_002PAPW.1	2019-10-07
PP_0031FZF.2	2016-12-24
PP_004MNY2.1	2026-01-27
PP_0025JX9.1	2014-01-03
PP_002RCPQ.1	2021-04-23
PP_003212N.1	2017-03-05
PP_002TZYF.1	2018-06-22
PP_0047B13.2	2021-01-04
PP_002NQSC.2	2018-01-01
PP_003WHNA.1	2024-01-18
PP_0047DZ4.2	2023-05-20
PP_00478PV.2	2021-04-09
PP_003STVU.1	2016-03-04
PP_002RAUG.1	2019-11-14
PP_0031A4B.2	2019-12-03
PP_002SZCQ.1	2021-01-01
PP_00264HF.3	2010-01-01
PP_003T050.1	2017-01-21
PP_002P819.1	2022-07-06
PP_0047ETF.2	2023-07-09
PP_002VWTQ.1	2024-05-29
PP_002PH2Y.1	2018-11-28
PP_00270M9.1	2015-01-01
PP_002TLS6.1	2018-09-13
PP_00286PX.2	2014-09-22
PP_002U7Z3.1	2021-12-11
PP_0025LG4.2	2010-01-01
PP_00311XZ.2	2023-02-03
PP_002UJ5F.1	2023-12-18
PP_002RE7M.1	2016-06-10
PP_0046TLJ.2	2023-03-26
PP_003SL7C.1	2015-03-02
PP_002SZRX.1	2021-01-01
PP_0031CAX.2	2015-12-13
PP_002RXR1.1	2022-01-07
PP_0031K7W.2	2022-10-21
PP_004MQB9.1	2025-10-31
PP_002PJ3V.1	2019-10-31
PP_00284BQ.2	2010-06-26
PP_0027TPC.2	2010-02-09
PP_003SXL8.1	2017-01-13
PP_002XYK0.1	2025-01-13
PP_0026SD2.2	2011-11-18
PP_004M5P3.1	2025-04-01
PP_004H9VV.1	2025-12-04
PP_0027SD0.2	2010-03-02
PP_002MWC3.1	2018-02-26
PP_002MXD0.1	2018-10-14
PP_0026ECG.1	2023-04-10
PP_002TQFR.1	2019-05-23
PP_002N2CV.1	2017-12-18
PP_002KQVC.2	2019-01-01
PP_0047BZ6.2	2021-01-14
PP_002QYWS.1	2018-11-16
PP_002WFT3.1	2024-01-03
PP_002MDXF.1	2017-01-24
PP_002MZYT.1	2018-01-08
PP_0047L9C.2	2018-01-15
PP_002NJZ4.1	2015-06-19
PP_0047EF6.2	2024-07-01
PP_0027RYW.2	2010-03-04
PP_00319KF.2	2015-01-02
PP_002KRF6.1	2017-01-09
PP_0022CWP.1	2012-09-20
PP_002W500.1	2024-01-03
PP_00314QA.2	2024-12-17
PP_003T15Z.2	2025-03-03
PP_0031FFJ.2	2016-12-01
PP_002REAF.1	2016-06-26
PP_0047M3P.2	2025-01-27
PP_0026JSH.2	2015-01-01
PP_004H8MC.1	2022-01-01
PP_002P6AT.1	2019-01-04
PP_00284J9.2	2013-06-05
PP_002N32E.1	2018-02-01
PP_00263LA.2	2013-05-21
PP_002RE3V.1	2016-05-21
PP_004C3UE.1	2015-06-18
PP_002TVN5.1	2018-12-12
PP_002SZWM.1	2021-01-01
PP_004C43W.1	2019-12-02
PP_0047634.2	2021-02-03
PP_0025LZ3.2	2014-03-11
PP_0023E52.1	2010-04-06
PP_002XJ2F.1	2024-01-01
PP_002SX0G.1	2021-01-01
PP_003WH85.1	2024-01-14
PP_0047KC7.2	2023-10-06
PP_002VZEE.1	2019-04-10
PP_004C3WA.1	2019-09-04
PP_002Q180.1	2017-03-06
PP_002MZJM.1	2018-03-09
PP_002R2M4.1	2019-02-03
PP_002QNLN.1	2018-03-11
PP_0026FPS.2	2019-01-09
PP_002308A.2	2012-03-10
PP_002U37S.1	2018-09-04
PP_00286FE.2	2015-08-10
PP_003SR4D.1	2015-02-22
PP_004M5BU.1	2025-03-17
PP_002T8X8.1	2023-01-17
PP_0026D15.2	2022-09-20
PP_002TUEP.1	2018-07-08
PP_002T3QT.1	2022-10-16
PP_002UQYN.2	2021-01-01
PP_00262ZK.2	2015-10-08
PP_002PC5X.1	2018-12-29
PP_002PZUX.1	2017-03-07
PP_002QQ5H.1	2018-03-05
PP_002VW8V.1	2024-06-25
PP_00318R4.2	2023-02-27
PP_00317YR.2	2023-01-27
PP_002UMUZ.1	2021-11-01
PP_002WTST.1	2025-01-29
PP_0031HCN.2	2021-11-13
PP_00477FD.2	2021-03-09
PP_002TW47.1	2020-02-13
PP_002PRA8.1	2016-03-24
PP_002YT7U.1	2025-02-22
PP_002RQ3K.2	2018-01-01
PP_003SLT5.1	2015-03-25
PP_00264RZ.3	2013-01-01
PP_003SUKD.1	2016-01-11
PP_002RXAY.1	2017-06-16
PP_002PP2S.1	2021-04-05
PP_0031BLB.2	2023-01-10
PP_002NR0W.2	2019-01-01
PP_002KWGZ.1	2016-01-21
PP_002S57U.2	2014-11-24
PP_002PL1X.1	2020-02-03
PP_002PPV5.1	2016-02-01
PP_00288H7.2	2010-03-21
PP_002PLTC.1	2019-12-13
PP_002UNLE.2	2022-10-01
PP_002TU57.1	2019-06-07
PP_0026FAK.1	2020-10-31
PP_0024848.2	2013-10-14
PP_00288GA.2	2012-12-20
PP_0026357.2	2014-07-28
PP_002KZ5J.1	2017-04-18
PP_002U4XA.1	2020-01-19
PP_00288RR.2	2011-03-10
PP_0031GK8.2	2021-06-28
PP_002WFGS.1	2023-12-15
PP_003SU58.1	2017-02-18
PP_002RVN9.1	2017-07-23
PP_0046WZP.2	2025-04-15
PP_002VFWZ.1	2022-11-18
PP_0047PPE.2	2023-10-17
PP_002QSQA.1	2019-01-04
PP_002N168.1	2018-01-18
PP_002N6TU.2	2010-01-01
PP_004C3QN.1	2011-03-26
PP_002QE4V.1	2017-12-17
PP_003183F.2	2014-01-03
PP_002RWQ4.1	2019-11-04
PP_0024939.2	2013-10-31
PP_002X1Y5.1	2023-07-03
PP_002NCH8.2	2020-03-03
PP_002X0LW.1	2016-08-22
PP_0047KRE.2	2017-10-16
PP_003T19R.2	2025-01-06
PP_0023DZE.1	2012-03-01
PP_0025MVA.2	2014-02-10
PP_004A15Z.1	2024-04-17
PP_004JNEB.1	2010-04-08
PP_002R4PY.1	2019-02-14
PP_002VSGH.1	2017-01-01
PP_0028B7R.2	2016-01-12
PP_0031M40.2	2022-12-27
PP_00286DJ.2	2015-07-05
PP_0047MJS.2	2024-01-03
PP_002N1GN.1	2018-07-03
PP_002PD9N.1	2018-12-21
PP_002TZ1A.1	2019-09-02
PP_002VSJC.1	2019-01-01
PP_002Q4ZE.1	2017-02-06
PP_0022XGZ.2	2010-07-31
PP_002VW43.1	2024-06-24
PP_00321A6.1	2021-12-02
PP_002M8Q0.1	2019-11-13
PP_002REUC.1	2017-03-24
PP_0027WDW.1	2013-01-01
PP_0031HRV.2	2017-11-25
PP_002STYP.1	2021-09-30
PP_002TQ69.1	2019-04-22
PP_002P9BN.1	2019-01-31
PP_002Y02X.1	2025-01-09
PP_002T902.1	2023-02-19
PP_0025KJ0.1	2016-01-10
PP_0047LE2.2	2017-12-04
PP_002UVM5.2	2017-08-01
PP_0027S7C.2	2010-03-15
PP_003ST83.1	2015-09-12
PP_002U4MW.1	2019-04-20
PP_002MEVJ.1	2018-04-20
PP_0025MRJ.2	2014-01-09
PP_002L287.2	2019-01-20
PP_002M5LB.1	2020-01-08
PP_003T1NY.2	2025-04-02
PP_002NKNR.1	2016-04-22
PP_0031L41.2	2022-11-21
PP_004C3SJ.1	2011-04-04
PP_0025M5R.2	2010-01-01
PP_002S128.1	2021-11-17
PP_002SD7L.1	2020-01-19
PP_0027462.1	2016-06-24
PP_002TBY3.1	2023-09-11
PP_002R8ED.1	2020-03-10
PP_00270SZ.1	2015-01-01
PP_003WLN7.1	2024-11-01
PP_00263FM.2	2014-08-06
PP_002XJJG.1	2022-11-01
PP_002RBWB.1	2020-02-09
PP_002R58U.1	2019-01-08
PP_002TT82.1	2019-12-04
PP_002R419.1	2018-11-24
PP_002R20D.1	2018-11-01
PP_00476NZ.2	2022-05-15
PP_0025MX6.2	2014-03-03
PP_002480G.2	2013-06-19
PP_00262LB.2	2015-10-09
PP_003WGDW.1	2023-12-15
PP_0024YEY.2	2013-09-03
PP_003SRFR.1	2015-12-10
PP_002P6VN.1	2019-02-08
PP_002U6PQ.2	2023-05-19
PP_002XRST.1	2025-04-08
PP_002WFA4.1	2023-10-25
PP_002PCUJ.1	2019-07-02
PP_002V9D6.1	2022-10-25
PP_002PDWD.1	2019-02-14
PP_002QR98.1	2019-02-02
PP_002PH4U.1	2018-11-28
PP_002RY73.1	2019-12-11
PP_004FDDV.1	2025-11-20
PP_002U48P.1	2019-02-08
PP_002SBPP.1	2022-11-20
PP_004MP0Y.1	2026-02-04
PP_00319R3.2	2014-12-16
PP_002VN4B.1	2023-11-04
PP_0047J9E.2	2017-08-22
PP_00320YW.1	2020-01-27
PP_003SLLK.1	2015-03-06
PP_003SULB.1	2016-01-15
PP_002PG3X.1	2019-12-09
PP_003SUQ3.1	2016-04-07
PP_002RWMA.1	2017-11-13
PP_002W09M.1	2021-10-08
PP_004J7Q5.1	2025-10-15
PP_002M9XK.1	2018-11-21
PP_002T6TJ.1	2018-01-31
PP_0047KTA.2	2017-10-23
PP_0026R9B.2	2014-12-17
PP_002VP82.1	2021-11-07
PP_002RYM8.1	2020-01-07
PP_003SR93.1	2015-02-27
PP_002NLG3.1	2016-06-27
PP_004K2Q8.1	2021-10-06
PP_002VUL6.1	2018-01-01
PP_0047NJR.2	2023-07-18
PP_0046XXS.2	2023-09-10
PP_004L16A.1	2026-01-16
PP_002M8XL.1	2017-11-08
PP_002RBUF.1	2020-01-20
PP_0026F8P.1	2020-10-30
PP_002WH94.1	2024-12-23
PP_002TDY1.1	2023-11-27
PP_002VW35.1	2024-07-15
PP_00265EM.3	2017-01-01
PP_002U06X.1	2017-11-24
PP_003215G.1	2018-04-05
PP_002U5VD.1	2023-12-19
PP_002PHDA.1	2020-04-02
PP_002RPXX.2	2018-01-01
PP_002T4TL.1	2022-11-03
PP_0028AXB.2	2016-08-25
PP_002NQTA.2	2018-01-01
PP_002NHF8.1	2014-05-30
PP_0021TE9.1	2010-10-19
PP_002LCTS.2	2016-01-08
PP_002TYN2.1	2019-01-02
PP_0031JK6.2	2022-12-21
PP_004L0Q8.1	2026-01-08
PP_0025KAH.1	2012-11-16
PP_002U2SN.1	2020-01-04
PP_002TFB8.1	2023-12-17
PP_00264GJ.3	2010-01-01
PP_004HKXF.1	2025-12-18
PP_002TL3K.1	2019-03-11
PP_002MB7Y.1	2018-01-24
PP_002M6XN.1	2019-12-17
PP_002RDPP.1	2015-05-17
PP_0047KZY.2	2020-01-14
PP_002PL2V.1	2020-04-03
PP_002TTZK.1	2019-01-07
PP_002VZVH.1	2022-05-09
PP_0027SZT.2	2010-01-30
PP_004JNPS.1	2012-03-26
PP_002QMD4.1	2018-03-01
PP_0024YFW.2	2010-08-09
PP_002TW8Z.1	2019-01-14
PP_002VVM3.1	2018-01-01
PP_002TVVR.1	2018-06-12
PP_00526R2.1	2023-11-03
PP_0031KBN.2	2022-10-28
PP_0031G0D.2	2021-05-18
PP_002SVBW.1	2022-11-21
PP_0024674.2	2013-12-09
PP_0047HRG.2	2023-06-12
PP_002NQC7.2	2018-01-01
PP_002S55Y.2	2014-11-19
PP_002UNHL.2	2022-10-01
PP_002RA3Z.1	2020-01-22
PP_004EPXJ.1	2025-06-29
PP_00288BL.2	2013-03-18
PP_002Q1BU.1	2017-02-04
PP_002RV76.1	2019-10-26
PP_002MAN2.1	2018-01-22
PP_002RUA1.1	2022-12-26
PP_002UW8X.1	2024-01-22
PP_002KKNX.2	2011-01-01
PP_0031AFP.2	2015-03-13
PP_002PGY6.1	2018-10-30
PP_00315R7.2	2022-12-27
PP_002WTTR.1	2025-01-29
PP_002RYYL.1	2020-01-21
PP_002MDFE.1	2015-01-20
PP_00263BV.2	2014-07-31
PP_002NJX8.1	2015-06-12
PP_002W1QP.1	2021-10-28
PP_0024YMH.1	2012-12-21
PP_0027TLJ.2	2010-04-22
PP_004EQYF.1	2025-07-21
PP_00248EN.2	2013-11-18
PP_004M6L8.1	2025-06-03
PP_002QB6U.1	2017-11-08
PP_002MXGU.1	2018-09-17
PP_0047K8F.2	2023-10-02
PP_002MYJN.1	2018-09-24
PP_002T4UJ.1	2022-11-03
PP_00319Q5.2	2014-12-05
PP_0047QEY.2	2022-07-02
PP_0047NT7.2	2023-09-14
PP_002N1P7.1	2017-12-13
PP_0047QWZ.2	2022-08-15
PP_002W78G.1	2024-11-18
PP_004K3ZP.1	2022-09-18
PP_002U0RS.1	2020-05-26
PP_002L26B.2	2019-03-14
PP_00319FQ.2	2025-01-29
PP_0024YC2.2	2013-09-08
PP_002W7PK.1	2024-11-13
PP_0031DGJ.2	2024-11-29
PP_0031FHD.2	2021-05-01
PP_002RDW9.1	2015-06-30
PP_003WGNB.1	2023-12-18
PP_002VSFK.1	2018-01-01
PP_0025JY7.1	2013-12-30
PP_00248BU.2	2014-01-14
PP_0024476.2	2013-11-18
PP_002REZ2.1	2017-04-18
PP_0025KCD.1	2012-01-04
PP_002W203.1	2023-11-13
PP_002VZJ5.1	2019-11-01
PP_002U2MY.1	2019-01-31
PP_002RU2H.1	2022-05-08
PP_002PGMU.1	2019-04-02
PP_0028BRN.2	2015-02-06
PP_0047DAH.2	2023-05-07
PP_0028AQR.2	2015-11-05
PP_00271GK.1	2015-01-01
PP_004JPF8.1	2024-01-15
PP_002MBVM.1	2019-02-05
PP_002RWHJ.1	2017-11-28
PP_0026539.3	2016-01-01
PP_00314ZS.2	2025-03-25
PP_002VVQX.1	2022-01-01
PP_00319ZM.2	2015-01-01
PP_0024Y1Q.2	2013-06-29
PP_002PKPM.1	2019-08-11
PP_002S516.2	2014-01-17
PP_0032198.1	2021-11-07
PP_0028BSL.2	2015-12-25
PP_002TLWY.1	2017-11-14
